{"mean": [-228.98086350416241, 126.65542147784207, -26.500400367864202, 44.89639362410735, -17.704972481783958, 4.442365338271474, -16.6275836005338, -5.019018999082904, -14.264792434250708, -5.163138286634114, -7.4650293359027, -9.914154741658532, -0.8653043853078788], "scale": [43.04141059409501, 26.186178626133355, 17.3821773057843, 18.26007736922033, 15.826010525827268, 17.505706293892622, 13.405978040124209, 12.030378056406628, 9.035091507722724, 7.031649703890379, 8.844829423123022, 5.645538974904898, 7.336877602111866]}